pdb,emd,chain,correlation,status
6L62,EMD-0838,A,0.9339244816201797
6L6Z,EMD-0840,A,0.9009521365852177
6LGN,EMD-0881,A,0.8067297453265697
6LGN,EMD-0881,B,0.8183333900656121
